material_code,description,cpse,category,uom,manufacturer,part_number
ONGC-VAL-901,"GATE VLV 2"" CL150 WCB FLANGED",ONGC,Valves,NOS,Audco,GV-2-150
BHEL-FST-402,HEX BOLT M12 X 60 MM SS 304,BHEL,Fasteners,NOS,Unbrako,UB-M1260
NTPC-BRG-811,BEARING DEEP GROOVE BALL 6308-ZZ,NTPC,Bearings,NUMBERS,SKF,6308-ZZ
SAIL-CBL-119,4 CORE 25 SQ MM ALUMINIUM ARMOURED CABLE 1.1KV,SAIL,Cables,MTR,Polycab,POL-4C25
IOCL-MTR-303,3 PHASE INDUCTION MOTOR 20 HP 415V 1440 RPM,IOCL,Electric Motors,NOS,Siemens,1LE0-20HP
ONGC-PMP-772,CENTRIFUGAL WATER PUMP 50 M3/HR 40M HEAD,ONGC,Pumps,SET,KSB,MEGA-50
BHEL-ELE-551,MINIATURE CIRCUIT BREAKER 3 POLE 32A C-CURVE,BHEL,Electrical,NOS,Schneider,ACTI9-32
NTPC-SFT-201,SAFETY HELMET HDPE YELLOW WITH RATCHET HARNESS,NTPC,Safety,NOS,Karam,SHEL-01
SAIL-TLS-992,TORQUE WRENCH 1/2 INCH DRIVE 40-200 NM,SAIL,Tools,NOS,Norbar,NOR-130103
IOCL-MCH-414,"SPIRAL WOUND GASKET 2"" 150# SS316 GRAPHITE ASME B16.20",IOCL,Mechanical,NOS,Champion,CHM-2-150
